name,time,nodeid,value
test,1551435932639873024,52739,90.195
test,1551435932647099136,52739,Received packet with sequence number 592 and timestamp 591.195
test,1551435932648439040,52739,Received packet with sequence number 593 and timestamp 592.195
test,1551435932649112064,52739,Received packet with sequence number 594 and timestamp 593.195
test,1551435932649569024,52739,Received packet with sequence number 595 and timestamp 594.195
test,1551435932650012928,52739,Received packet with sequence number 596 and timestamp 595.195
test,1551435932650423040,52739,Received packet with sequence number 597 and timestamp 596.195
test,1551435932650827776,52739,Received packet with sequence number 598 and timestamp 597.195
test,1551435932651186944,52739,Received packet with sequence number 599 and timestamp 598.195
test,1551435932651539200,52739,Received packet with sequence number 600 and timestamp 599.195
test,1551435932651943936,52739,Received packet with sequence number 601 and timestamp 600.195
test,1551435932652306944,52739,Received packet with sequence number 602 and timestamp 601.195
test,1551435932652648960,52739,Received packet with sequence number 603 and timestamp 602.195
test,1551435932653014784,52739,Received packet with sequence number 604 and timestamp 603.195
test,1551435932653414912,52739,Received packet with sequence number 605 and timestamp 604.195
test,1551435932653753088,52739,Received packet with sequence number 606 and timestamp 605.195
test,1551435932654100992,52739,Received packet with sequence number 607 and timestamp 606.195
test,1551435933171900928,52739,ReceivedReceived packet with sequence number 4 and timestamp   3.203
test,1551435934171916032,52739,Received packet with sequence number 5 and timestamp   4.203
test,1551435935171704064,52739,Received packet with sequence number 6 and timestamp   5.203
test,1551435936171614976,52739,Received packet with sequence number 7 and timestamp   6.203
test,1551435937171540992,52739,Received packet with sequence number 8 and timestamp   7.203
test,1551435938171341056,52739,Received packet with sequence number 9 and timestamp   8.203
test,1551435939171500800,52739,Received packet with sequence number 10 and timestamp   9.203
test,1551435940171431936,52739,Received packet with sequence number 11 and timestamp  10.203
test,1551435941171227904,52739,Received packet with sequence number 12 and timestamp  11.203
test,1551435942171138048,52739,Received packet with sequence number 13 and timestamp  12.203
test,1551435943171059968,52739,Received packet with sequence number 14 and timestamp  13.203
test,1551435944171078912,52739,Received packet with sequence number 15 and timestamp  14.203
test,1551435945170775040,52739,Received packet with sequence number 16 and timestamp  15.203
test,1551435946170681856,52739,Received packet with sequence number 17 and timestamp  16.203
test,1551435947170612992,52739,Received packet with sequence number 18 and timestamp  17.203
test,1551435955165849856,52739,Received packet with sequence number 26 and timestamp  25.203
test,1551435956165841152,52739,Received packet with sequence number 27 and timestamp  26.203
test,1551435957169563136,52739,Received packet with sequence number 28 and timestamp  27.203
test,1551435958169480192,52739,Received packet with sequence number 29 and timestamp  28.203
test,1551435959169405952,52739,Received packet with sequence number 30 and timestamp  29.203
test,1551435960169185024,52739,Received packet with sequence number 31 and timestamp  30.203
test,1551435961169167872,52739,Received packet with sequence number 32 and timestamp  31.203
test,1551435962169025792,52739,Received packet with sequence number 33 and timestamp  32.203
test,1551435963168817152,52739,Received packet with sequence number 34 and timestamp  33.203
test,1551435964168754944,52739,Received packet with sequence number 35 and timestamp  34.203
test,1551435965168660992,52739,Received packet with sequence number 36 and timestamp  35.203
test,1551435966168563968,52739,Received packet with sequence number 37 and timestamp  36.203
test,1551435967168480000,52739,Received packet with sequence number 38 and timestamp  37.203
test,1551435968168399104,52739,Received packet with sequence number 39 and timestamp  38.203
test,1551435969168231936,52739,Received packet with sequence number 40 and timestamp  39.203
test,1551435970168113920,52739,Received packet with sequence number 41 and timestamp  40.203
test,1551435971168052992,52739,Received packet with sequence number 42 and timestamp  41.203
test,1551435972167958016,52739,Received packet with sequence number 43 and timestamp  42.203
test,1551435973167748096,52739,Received packet with sequence number 44 and timestamp  43.203
test,1551435974167664896,52739,Received packet with sequence number 45 and timestamp  44.203
test,1551435975171469056,52739,Received packet with sequence number 46 and timestamp  45.203
test,1551435976171469824,52739,Received packet with sequence number 47 and timestamp  46.203
test,1551435977171307008,52739,Received packet with sequence number 48 and timestamp  47.203
test,1551435979171011840,52739,Received packet with sequence number 50 and timestamp  49.203
test,1551435980170939904,52739,Received packet with sequence number 51 and timestamp  50.203
test,1551435981170854144,52739,Received packet with sequence number 52 and timestamp  51.203
test,1551435982170646016,52739,Received packet with sequence number 53 and timestamp  52.203
test,1551435983170691840,52739,Received packet with sequence number 54 and timestamp  53.203
test,1551435984170504960,52739,Received packet with sequence number 55 and timestamp  54.203
test,1551435985170408960,52739,Received packet with sequence number 56 and timestamp  55.203
test,1551435986170310912,52739,Received packet with sequence number 57 and timestamp  56.203
test,1551435987170361088,52739,Received packet with sequence number 58 and timestamp  57.203
test,1551435988170036992,52739,Received packet with sequence number 59 and timestamp  58.203
test,1551435989169970944,52739,Received packet with sequence number 60 and timestamp  59.203
test,1551435990169889024,52739,Received packet with sequence number 61 and timestamp  60.203
test,1551435991169805056,52739,Received packet with sequence number 62 and timestamp  61.203
test,1551435998165117952,52739,Received packet with sequence number 69 and timestamp  68.203
test,1551435999165126144,52739,Received packet with sequence number 70 and timestamp  69.203
test,1551436000164961024,52739,Received packet with sequence number 71 and timestamp  70.203
test,1551436001168654848,52739,Received packet with sequence number 72 and timestamp  71.203
test,1551436002168545024,52739,Received packet with sequence number 73 and timestamp  72.203
test,1551436003168452096,52739,Received packet with sequence number 74 and timestamp  73.203
test,1551436004168368128,52739,Received packet with sequence number 75 and timestamp  74.203
test,1551436005168158976,52739,Received packet with sequence number 76 and timestamp  75.203
test,1551436006168081152,52739,Received packet with sequence number 77 and timestamp  76.203
test,1551436007167998976,52739,Received packet with sequence number 78 and timestamp  77.203
test,1551436008167920128,52739,Received packet with sequence number 79 and timestamp  78.203
test,1551436009167941120,52739,Received packet with sequence number 80 and timestamp  79.203
test,1551436010167643904,52739,Received packet with sequence number 81 and timestamp  80.203
test,1551436011171427840,52739,Received packet with sequence number 82 and timestamp  81.203
test,1551436012167480064,52739,Received packet with sequence number 83 and timestamp  82.203
test,1551436013167396096,52739,Received packet with sequence number 84 and timestamp  83.203
test,1551436014167330048,52739,Received packet with sequence number 85 and timestamp  84.203
test,1551436015167104000,52739,Received packet with sequence number 86 and timestamp  85.203
test,1551436016167035136,52739,Received packet with sequence number 87 and timestamp  86.203
test,1551436017166956032,52739,Received packet with sequence number 88 and timestamp  87.203
test,1551436018166874880,52739,Received packet with sequence number 89 and timestamp  88.203
test,1551436019170644992,52739,Received packet with sequence number 90 and timestamp  89.203
test,1551436020170678016,52739,Received packet with sequence number 91 and timestamp  90.203
test,1551436021170370048,52739,Received packet with sequence number 92 and timestamp  91.203
test,1551436022170303232,52739,Received packet with sequence number 93 and timestamp  92.203
test,1551436023170195968,52739,Received packet with sequence number 94 and timestamp  93.203
test,1551436024170128128,52739,Received packet with sequence number 95 and timestamp  94.203
test,1551436025170041088,52739,Received packet with sequence number 96 and timestamp  95.203
test,1551436026169976832,52739,Received packet with sequence number 97 and timestamp  96.203
test,1551436028169680128,52739,Received packet with sequence number 99 and timestamp  98.203
test,1551436029169734912,52739,Received packet with sequence number 100 and timestamp  99.203
test,1551436030169672960,52739,Received packet with sequence number 101 and timestamp 100.203
test,1551436031169543936,52739,Received packet with sequence number 102 and timestamp 101.203
test,1551436032169373952,52739,Received packet with sequence number 103 and timestamp 102.203
test,1551436033169275136,52739,Received packet with sequence number 104 and timestamp 103.203
test,1551436034169197056,52739,Received packet with sequence number 105 and timestamp 104.203
test,1551436035169122048,52739,Received packet with sequence number 106 and timestamp 105.203
test,1551436036169048064,52739,Received packet with sequence number 107 and timestamp 106.203
test,1551436044164259840,52739,Received packet with sequence number 115 and timestamp 114.203
test,1551436045164151040,52739,Received packet with sequence number 116 and timestamp 115.203
test,1551436046167848960,52739,Received packet with sequence number 117 and timestamp 116.203
test,1551436047167769856,52739,Received packet with sequence number 118 and timestamp 117.203
test,1551436048167682048,52739,Received packet with sequence number 119 and timestamp 118.203
test,1551436049167597056,52739,Received packet with sequence number 120 and timestamp 119.203
test,1551436050167518976,52739,Received packet with sequence number 121 and timestamp 120.203
test,1551436051167303936,52739,Received packet with sequence number 122 and timestamp 121.203
test,1551436052167232000,52739,Received packet with sequence number 123 and timestamp 122.203
test,1551436053167148032,52739,Received packet with sequence number 124 and timestamp 123.203
test,1551436054167076096,52739,Received packet with sequence number 125 and timestamp 124.203
test,1551436055167085824,52739,Received packet with sequence number 126 and timestamp 125.203
test,1551436056166913024,52739,Received packet with sequence number 127 and timestamp 126.203
test,1551436057166712064,52739,Received packet with sequence number 128 and timestamp 127.203
test,1551436058166619904,52739,Received packet with sequence number 129 and timestamp 128.203
test,1551436059166536192,52739,Received packet with sequence number 130 and timestamp 129.203
test,1551436060166457856,52739,Received packet with sequence number 131 and timestamp 130.203
test,1551436061166264064,52739,Received packet with sequence number 132 and timestamp 131.203
test,1551436062134931200,52739,Received packet with sequence number 133 and timestamp 132.203
test,1551436063134864128,52739,Received packet with sequence number 134 and timestamp 133.203
test,1551436064138636032,52739,Received packet with sequence number 135 and timestamp 134.203
test,1551436065138545920,52739,Received packet with sequence number 136 and timestamp 135.203
test,1551436066138438912,52739,Received packet with sequence number 137 and timestamp 136.203
test,1551436067138267136,52739,Received packet with sequence number 138 and timestamp 137.203
test,1551436068138183168,52739,Received packet with sequence number 139 and timestamp 138.203
test,1551436069138107136,52739,Received packet with sequence number 140 and timestamp 139.203
test,1551436071137960960,52739,Received packet with sequence number 142 and timestamp 141.203
test,1551436072137736192,52739,Received packet with sequence number 143 and timestamp 142.203
test,1551436073137669120,52739,Received packet with sequence number 144 and timestamp 143.203
test,1551436074137592064,52739,Received packet with sequence number 145 and timestamp 144.203
test,1551436075137516032,52739,Received packet with sequence number 146 and timestamp 145.203
test,1551436076137306880,52739,Received packet with sequence number 147 and timestamp 146.203
test,1551436077137317888,52739,Received packet with sequence number 148 and timestamp 147.203
test,1551436078137129984,52739,Received packet with sequence number 149 and timestamp 148.203
test,1551436079137039872,52739,Received packet with sequence number 150 and timestamp 149.203
test,1551436080136915968,52739,Received packet with sequence number 151 and timestamp 150.203
test,1551436087132195072,52739,Received packet with sequence number 158 and timestamp 157.203
test,1551436088132289792,52739,Received packet with sequence number 159 and timestamp 158.203
test,1551436089135863040,52739,Received packet with sequence number 160 and timestamp 159.203
test,1551436090135788800,52739,Received packet with sequence number 161 and timestamp 160.203
test,1551436091135708160,52739,Received packet with sequence number 162 and timestamp 161.203
test,1551436092135629056,52739,Received packet with sequence number 163 and timestamp 162.203
test,1551436093135542016,52739,Received packet with sequence number 164 and timestamp 163.203
test,1551436094135329024,52739,Received packet with sequence number 165 and timestamp 164.203
test,1551436095135258880,52739,Received packet with sequence number 166 and timestamp 165.203
test,1551436096135181824,52739,Received packet with sequence number 167 and timestamp 166.203
test,1551436097142908160,52739,Received packet with sequence number 168 and timestamp 167.203
test,1551436098138983936,52739,Received packet with sequence number 169 and timestamp 168.203
test,1551436099134926080,52739,Received packet with sequence number 170 and timestamp 169.203
test,1551436100134728960,52739,Received packet with sequence number 171 and timestamp 170.203
test,1551436101134639872,52739,Received packet with sequence number 172 and timestamp 171.203
test,1551436102134565120,52739,Received packet with sequence number 173 and timestamp 172.203
test,1551436103134358784,52739,Received packet with sequence number 174 and timestamp 173.203
test,1551436104134403840,52739,Received packet with sequence number 175 and timestamp 174.203
test,1551436105134195968,52739,Received packet with sequence number 176 and timestamp 175.203
test,1551436106134080000,52739,Received packet with sequence number 177 and timestamp 176.203
test,1551436107134036992,52739,Received packet with sequence number 178 and timestamp 177.203
test,1551436108137701120,52739,Received packet with sequence number 179 and timestamp 178.203
test,1551436109137707008,52739,Received packet with sequence number 180 and timestamp 179.203
test,1551436110137545216,52739,Received packet with sequence number 181 and timestamp 180.203
test,1551436111137447168,52739,Received packet with sequence number 182 and timestamp 181.203
test,1551436112137378816,52739,Received packet with sequence number 183 and timestamp 182.203
test,1551436113137295872,52739,Received packet with sequence number 184 and timestamp 183.203
test,1551436114137088000,52739,Received packet with sequence number 185 and timestamp 184.203
test,1551436115137010944,52739,Received packet with sequence number 186 and timestamp 185.203
test,1551436116136924928,52739,Received packet with sequence number 187 and timestamp 186.203
test,1551436117136847872,52739,Received packet with sequence number 188 and timestamp 187.203
test,1551436118129144064,52739,Received packet with sequence number 189 and timestamp 188.203
test,1551436119136674816,52739,Received packet with sequence number 190 and timestamp 189.203
test,1551436120136616960,52739,Received packet with sequence number 191 and timestamp 190.203
test,1551436121136396032,52739,Received packet with sequence number 192 and timestamp 191.203
test,1551436122136313856,52739,Received packet with sequence number 193 and timestamp 192.203
test,1551436123136229120,52739,Received packet with sequence number 194 and timestamp 193.203
test,1551436124130049024,52739,Received packet with sequence number 195 and timestamp 194.203
test,1551436131131347968,52739,Received packet with sequence number 202 and timestamp 201.203
test,1551436132131336960,52739,Received packet with sequence number 203 and timestamp 202.203
test,1551436133135055104,52739,Received packet with sequence number 204 and timestamp 203.203
test,1551436134134966016,52739,Received packet with sequence number 205 and timestamp 204.203
test,1551436136127192064,52739,Received packet with sequence number 207 and timestamp 206.203
test,1551436137134635008,52739,Received packet with sequence number 208 and timestamp 207.203
test,1551436138134521856,52739,Received packet with sequence number 209 and timestamp 208.203
test,1551436139134448896,52739,Received packet with sequence number 210 and timestamp 209.203
test,1551436140134363904,52739,Received packet with sequence number 211 and timestamp 210.203
test,1551436141126528000,52739,Received packet with sequence number 212 and timestamp 211.203
test,1551436142134073856,52739,Received packet with sequence number 213 and timestamp 212.203
test,1551436143134098944,52739,Received packet with sequence number 214 and timestamp 213.203
test,1551436144133914880,52739,Received packet with sequence number 215 and timestamp 214.203
test,1551436145133835008,52739,Received packet with sequence number 216 and timestamp 215.203
test,1551436146133615872,52739,Received packet with sequence number 217 and timestamp 216.203
test,1551436147133532928,52739,Received packet with sequence number 218 and timestamp 217.203
test,1551436148133521152,52739,Received packet with sequence number 219 and timestamp 218.203
test,1551436149133393920,52739,Received packet with sequence number 220 and timestamp 219.203
test,1551436151133094144,52739,Received packet with sequence number 222 and timestamp 221.203
test,1551436152136890880,52739,Received packet with sequence number 223 and timestamp 222.203
test,1551436153140780800,52739,Received packet with sequence number 224 and timestamp 223.203
test,1551436154136763136,52739,Received packet with sequence number 225 and timestamp 224.203
test,1551436155136663808,52739,Received packet with sequence number 226 and timestamp 225.203
test,1551436156136434944,52739,Received packet with sequence number 227 and timestamp 226.203
test,1551436157136356096,52739,Received packet with sequence number 228 and timestamp 227.203
test,1551436158136274176,52739,Received packet with sequence number 229 and timestamp 228.203
test,1551436159140068096,52739,Received packet with sequence number 230 and timestamp 229.203
test,1551436160162117888,52739,Received packet with sequence number 231 and timestamp 230.203
test,1551436161136028160,52739,Received packet with sequence number 232 and timestamp 231.203
test,1551436162135827968,52739,Received packet with sequence number 233 and timestamp 232.203
test,1551436163135746048,52739,Received packet with sequence number 234 and timestamp 233.203
test,1551436164135756032,52739,Received packet with sequence number 235 and timestamp 234.203
test,1551436165135590144,52739,Received packet with sequence number 236 and timestamp 235.203
test,1551436166135368192,52739,Received packet with sequence number 237 and timestamp 236.203
test,1551436167135298048,52739,Received packet with sequence number 238 and timestamp 237.203
test,1551436175134535936,52739,Received packet with sequence number 246 and timestamp 245.203
test,1551436176130546944,52739,Received packet with sequence number 247 and timestamp 246.203
test,1551436177134247936,52739,Received packet with sequence number 248 and timestamp 247.203
test,1551436178133997824,52739,Received packet with sequence number 249 and timestamp 248.203
test,1551436179133963008,52739,Received packet with sequence number 250 and timestamp 249.203
test,1551436180133878016,52739,Received packet with sequence number 251 and timestamp 250.203
test,1551436181133785856,52739,Received packet with sequence number 252 and timestamp 251.203
test,1551436182133704960,52739,Received packet with sequence number 253 and timestamp 252.203
test,1551436183133624064,52739,Received packet with sequence number 254 and timestamp 253.203
test,1551436184133556992,52739,Received packet with sequence number 255 and timestamp 254.203
test,1551436185133351168,52739,Received packet with sequence number 256 and timestamp 255.203
test,1551436186133260032,52739,Received packet with sequence number 257 and timestamp 256.203
test,1551436187133254912,52739,Received packet with sequence number 258 and timestamp 257.203
test,1551436188166604032,52739,Received packet with sequence number 259 and timestamp 258.203
test,1551436189166505984,52739,Received packet with sequence number 260 and timestamp 259.203
test,1551436190135078912,52739,Received packet with sequence number 261 and timestamp 260.203
test,1551436191166351104,52739,Received packet with sequence number 262 and timestamp 261.203
test,1551436192166142976,52739,Received packet with sequence number 263 and timestamp 262.203
test,1551436193166057216,52739,Received packet with sequence number 264 and timestamp 263.203
test,1551436196130211072,52739,Received packet with sequence number 267 and timestamp 266.203
test,1551436200130203136,52739,Received packet with sequence number 271 and timestamp 270.203
test,1551436201161456128,52739,Received packet with sequence number 272 and timestamp 271.203
test,1551436202133500160,52739,Received packet with sequence number 273 and timestamp 272.203
test,1551436203133832960,52739,Received packet with sequence number 274 and timestamp 273.203
test,1551436204133760000,52739,Received packet with sequence number 275 and timestamp 274.203
test,1551436205135132160,52739,Received packet with sequence number 276 and timestamp 275.203
test,1551436206135020032,52739,Received packet with sequence number 277 and timestamp 276.203
test,1551436207135025152,52739,Received packet with sequence number 278 and timestamp 277.203
test,1551436208134737920,52739,Received packet with sequence number 279 and timestamp 278.203
test,1551436209134657024,52739,Received packet with sequence number 280 and timestamp 279.203
test,1551436210134572032,52739,Received packet with sequence number 281 and timestamp 280.203
test,1551436211134593024,52739,Received packet with sequence number 282 and timestamp 281.203
test,1551436217163494144,52739,Received packet with sequence number 288 and timestamp 287.203
test,1551436219129719040,52739,Received packet with sequence number 290 and timestamp 289.203
test,1551436220129508864,52739,Received packet with sequence number 291 and timestamp 290.203
test,1551436221133443072,52739,Received packet with sequence number 292 and timestamp 291.203
test,1551436222133292032,52739,Received packet with sequence number 293 and timestamp 292.203
test,1551436223133150976,52739,Received packet with sequence number 294 and timestamp 293.203
test,1551436224133069056,52739,Received packet with sequence number 295 and timestamp 294.203
test,1551436225132997120,52739,Received packet with sequence number 296 and timestamp 295.203
test,1551436226132910080,52739,Received packet with sequence number 297 and timestamp 296.203
test,1551436227136740096,52739,Received packet with sequence number 298 and timestamp 297.203
test,1551436229132528896,52739,Received packet with sequence number 300 and timestamp 299.203
test,1551436230132451072,52739,Received packet with sequence number 301 and timestamp 300.203
test,1551436231132251904,52739,Received packet with sequence number 302 and timestamp 301.203
test,1551436232132161024,52739,Received packet with sequence number 303 and timestamp 302.203
test,1551436233132186880,52739,Received packet with sequence number 304 and timestamp 303.203
test,1551436234132008960,52739,Received packet with sequence number 305 and timestamp 304.203
test,1551436235131800832,52739,Received packet with sequence number 306 and timestamp 305.203
test,1551436236131702016,52739,Received packet with sequence number 307 and timestamp 306.203
test,1551436237131619072,52739,Received packet with sequence number 308 and timestamp 307.203
test,1551436238131535104,52739,Received packet with sequence number 309 and timestamp 308.203
test,1551436239135364096,52739,Received packet with sequence number 310 and timestamp 309.203
test,1551436240135278080,52739,Received packet with sequence number 311 and timestamp 310.203
test,1551436241135184128,52739,Received packet with sequence number 312 and timestamp 311.203
test,1551436242135004160,52739,Received packet with sequence number 313 and timestamp 312.203
test,1551436243134982144,52739,Received packet with sequence number 314 and timestamp 313.203
test,1551436244134808064,52739,Received packet with sequence number 315 and timestamp 314.203
test,1551436245134732032,52739,Received packet with sequence number 316 and timestamp 315.203
test,1551436246134650112,52739,Received packet with sequence number 317 and timestamp 316.203
test,1551436247134441984,52739,Received packet with sequence number 318 and timestamp 317.203
test,1551436248134363904,52739,Received packet with sequence number 319 and timestamp 318.203
test,1551436249134264064,52739,Received packet with sequence number 320 and timestamp 319.203
test,1551436250134068992,52739,Received packet with sequence number 321 and timestamp 320.203
test,1551436251134000896,52739,Received packet with sequence number 322 and timestamp 321.203
test,1551436252133904896,52739,Received packet with sequence number 323 and timestamp 322.203
test,1551436253137751040,52739,Received packet with sequence number 324 and timestamp 323.203
test,1551436254133637888,52739,Received packet with sequence number 325 and timestamp 324.203
test,1551436255133696000,52739,Received packet with sequence number 326 and timestamp 325.203
test,1551436262129001984,52739,Received packet with sequence number 333 and timestamp 332.203
test,1551436263128817152,52739,Received packet with sequence number 334 and timestamp 333.203
test,1551436264132571904,52739,Received packet with sequence number 335 and timestamp 334.203
test,1551436265132492032,52739,Received packet with sequence number 336 and timestamp 335.203
test,1551436266132410880,52739,Received packet with sequence number 337 and timestamp 336.203
test,1551436267132328960,52739,Received packet with sequence number 338 and timestamp 337.203
test,1551436268132251904,52739,Received packet with sequence number 339 and timestamp 338.203
test,1551436269132032000,52739,Received packet with sequence number 340 and timestamp 339.203
test,1551436270131968000,52739,Received packet with sequence number 341 and timestamp 340.203
test,1551436271131879168,52739,Received packet with sequence number 342 and timestamp 341.203
test,1551436272131798016,52739,Received packet with sequence number 343 and timestamp 342.203
test,1551436274135425024,52739,Received packet with sequence number 345 and timestamp 344.203
test,1551436275131428864,52739,Received packet with sequence number 346 and timestamp 345.203
test,1551436276131348992,52739,Received packet with sequence number 347 and timestamp 346.203
test,1551436277135149056,52739,Received packet with sequence number 348 and timestamp 347.203
test,1551436278131062016,52739,Received packet with sequence number 349 and timestamp 348.203
test,1551436279130983168,52739,Received packet with sequence number 350 and timestamp 349.203
test,1551436280130904832,52739,Received packet with sequence number 351 and timestamp 350.203
test,1551436281130791936,52739,Received packet with sequence number 352 and timestamp 351.203
test,1551436282134609920,52739,Received packet with sequence number 353 and timestamp 352.203
test,1551436283134452224,52739,Received packet with sequence number 354 and timestamp 353.203
test,1551436284134326016,52739,Received packet with sequence number 355 and timestamp 354.203
test,1551436285133497856,52739,Received packet with sequence number 356 and timestamp 355.203
test,1551436286134166016,52739,Received packet with sequence number 357 and timestamp 356.203
test,1551436287134084864,52739,Received packet with sequence number 358 and timestamp 357.203
test,1551436288133995008,52739,Received packet with sequence number 359 and timestamp 358.203
test,1551436289133799936,52739,Received packet with sequence number 360 and timestamp 359.203
test,1551436290137600000,52739,Received packet with sequence number 361 and timestamp 360.203
test,1551436291133637888,52739,Received packet with sequence number 362 and timestamp 361.203
test,1551436292133444096,52739,Received packet with sequence number 363 and timestamp 362.203
test,1551436293137277952,52739,Received packet with sequence number 364 and timestamp 363.203
test,1551436294133259008,52739,Received packet with sequence number 365 and timestamp 364.203
test,1551436295133197056,52739,Received packet with sequence number 366 and timestamp 365.203
test,1551436296133101056,52739,Received packet with sequence number 367 and timestamp 366.203
test,1551436297132904960,52739,Received packet with sequence number 368 and timestamp 367.203
test,1551436298132822016,52739,Received packet with sequence number 369 and timestamp 368.203
test,1551436306128097024,52739,Received packet with sequence number 377 and timestamp 376.203
test,1551436307127960064,52739,Received packet with sequence number 378 and timestamp 377.203
test,1551436308135639040,52739,Received packet with sequence number 379 and timestamp 378.203
test,1551436309131680000,52739,Received packet with sequence number 380 and timestamp 379.203
test,1551436310131592960,52739,Received packet with sequence number 381 and timestamp 380.203
test,1551436311131515136,52739,Received packet with sequence number 382 and timestamp 381.203
test,1551436312131302144,52739,Received packet with sequence number 383 and timestamp 382.203
test,1551436313131228928,52739,Received packet with sequence number 384 and timestamp 383.203
test,1551436314131156992,52739,Received packet with sequence number 385 and timestamp 384.203
test,1551436315131057920,52739,Received packet with sequence number 386 and timestamp 385.203
test,1551436316130862080,52739,Received packet with sequence number 387 and timestamp 386.203
test,1551436317130786816,52739,Received packet with sequence number 388 and timestamp 387.203
test,1551436318130764032,52739,Received packet with sequence number 389 and timestamp 388.203
test,1551436319130605824,52739,Received packet with sequence number 390 and timestamp 389.203
test,1551436320130419968,52739,Received packet with sequence number 391 and timestamp 390.203
test,1551436321130333952,52739,Received packet with sequence number 392 and timestamp 391.203
test,1551436322130251776,52739,Received packet with sequence number 393 and timestamp 392.203
test,1551436323130152960,52739,Received packet with sequence number 394 and timestamp 393.203
test,1551436324130140160,52739,Received packet with sequence number 395 and timestamp 394.203
test,1551436325129890816,52739,Received packet with sequence number 396 and timestamp 395.203
test,1551436326133691136,52739,Received packet with sequence number 397 and timestamp 396.203
test,1551436327133606912,52739,Received packet with sequence number 398 and timestamp 397.203
test,1551436328133516032,52739,Received packet with sequence number 399 and timestamp 398.203
test,1551436329133436928,52739,Received packet with sequence number 400 and timestamp 399.203
test,1551436330133414912,52739,Received packet with sequence number 401 and timestamp 400.203
test,1551436331133203968,52739,Received packet with sequence number 402 and timestamp 401.203
test,1551436332133115904,52739,Received packet with sequence number 403 and timestamp 402.203
test,1551436334132826112,52739,Received packet with sequence number 405 and timestamp 404.203
test,1551436335132720896,52739,Received packet with sequence number 406 and timestamp 405.203
test,1551436336132640000,52739,Received packet with sequence number 407 and timestamp 406.203
test,1551436337132570880,52739,Received packet with sequence number 408 and timestamp 407.203
test,1551436338132433920,52739,Received packet with sequence number 409 and timestamp 408.203
test,1551436339132216832,52739,Received packet with sequence number 410 and timestamp 409.203
test,1551436340132147968,52739,Received packet with sequence number 411 and timestamp 410.203
test,1551436341132081920,52739,Received packet with sequence number 412 and timestamp 411.203
test,1551436342135872000,52739,Received packet with sequence number 413 and timestamp 412.203
test,1551436349127366144,52739,Received packet with sequence number 420 and timestamp 419.203
test,1551436350127245824,52739,Received packet with sequence number 421 and timestamp 420.203
test,1551436351127171072,52739,Received packet with sequence number 422 and timestamp 421.203
test,1551436352130959104,52739,Received packet with sequence number 423 and timestamp 422.203
test,1551436353130734080,52739,Received packet with sequence number 424 and timestamp 423.203
test,1551436354130661120,52739,Received packet with sequence number 425 and timestamp 424.203
test,1551436355130682112,52739,Received packet with sequence number 426 and timestamp 425.203
test,1551436356130470144,52739,Received packet with sequence number 427 and timestamp 426.203
test,1551436357130253056,52739,Received packet with sequence number 428 and timestamp 427.203
test,1551436358130178816,52739,Received packet with sequence number 429 and timestamp 428.203
test,1551436359130100992,52739,Received packet with sequence number 430 and timestamp 429.203
test,1551436360130025984,52739,Received packet with sequence number 431 and timestamp 430.203
test,1551436361129808896,52739,Received packet with sequence number 432 and timestamp 431.203
test,1551436363129656064,52739,Received packet with sequence number 434 and timestamp 433.203
test,1551436364129578240,52739,Received packet with sequence number 435 and timestamp 434.203
test,1551436365129550080,52739,Received packet with sequence number 436 and timestamp 435.203
test,1551436366129297920,52739,Received packet with sequence number 437 and timestamp 436.203
test,1551436367129319936,52739,Received packet with sequence number 438 and timestamp 437.203
test,1551436368129112064,52739,Received packet with sequence number 439 and timestamp 438.203
test,1551436369129029120,52739,Received packet with sequence number 440 and timestamp 439.203
test,1551436370132841984,52739,Received packet with sequence number 441 and timestamp 440.203
test,1551436371132751104,52739,Received packet with sequence number 442 and timestamp 441.203
test,1551436372132523008,52739,Received packet with sequence number 443 and timestamp 442.203
test,1551436373132448000,52739,Received packet with sequence number 444 and timestamp 443.203
test,1551436374132369920,52739,Received packet with sequence number 445 and timestamp 444.203
test,1551436375132448000,52739,Received packet with sequence number 446 and timestamp 445.203
test,1551436376132088832,52739,Received packet with sequence number 447 and timestamp 446.203
test,1551436377132011008,52739,Received packet with sequence number 448 and timestamp 447.203
test,1551436378131918848,52739,Received packet with sequence number 449 and timestamp 448.203
test,1551436379131849984,52739,Received packet with sequence number 450 and timestamp 449.203
test,1551436380131808000,52739,Received packet with sequence number 451 and timestamp 450.203
test,1551436381131565056,52739,Received packet with sequence number 452 and timestamp 451.203
test,1551436382131588864,52739,Received packet with sequence number 453 and timestamp 452.203
test,1551436383131400960,52739,Received packet with sequence number 454 and timestamp 453.203
test,1551436384131308032,52739,Received packet with sequence number 455 and timestamp 454.203
test,1551436385131241984,52739,Received packet with sequence number 456 and timestamp 455.203
test,1551436389131674112,52739,Received packet with sequence number 460 and timestamp 459.203
test,1551436393126353152,52739,Received packet with sequence number 464 and timestamp 463.203
test,1551436394126269952,52739,Received packet with sequence number 465 and timestamp 464.203
test,1551436395130053120,52739,Received packet with sequence number 466 and timestamp 465.203
test,1551436396130033920,52739,Received packet with sequence number 467 and timestamp 466.203
test,1551436397129889024,52739,Received packet with sequence number 468 and timestamp 467.203
test,1551436398129812992,52739,Received packet with sequence number 469 and timestamp 468.203
test,1551436399129611008,52739,Received packet with sequence number 470 and timestamp 469.203
test,1551436400129539072,52739,Received packet with sequence number 471 and timestamp 470.203
test,1551436401129435136,52739,Received packet with sequence number 472 and timestamp 471.203
test,1551436403129289984,52739,Received packet with sequence number 474 and timestamp 473.203
test,1551436404129069056,52739,Received packet with sequence number 475 and timestamp 474.203
test,1551436405129000960,52739,Received packet with sequence number 476 and timestamp 475.203
test,1551436406128971008,52739,Received packet with sequence number 477 and timestamp 476.203
test,1551436407128844032,52739,Received packet with sequence number 478 and timestamp 477.203
test,1551436408128756992,52739,Received packet with sequence number 479 and timestamp 478.203
test,1551436409128551936,52739,Received packet with sequence number 480 and timestamp 479.203
test,1551436410128465920,52739,Received packet with sequence number 481 and timestamp 480.203
test,1551436411097143040,52739,Received packet with sequence number 482 and timestamp 481.203
test,1551436412097052160,52739,Received packet with sequence number 483 and timestamp 482.203
test,1551436413100858880,52739,Received packet with sequence number 484 and timestamp 483.203
test,1551436414100753920,52739,Received packet with sequence number 485 and timestamp 484.203
test,1551436415100569088,52739,Received packet with sequence number 486 and timestamp 485.203
test,1551436416100516096,52739,Received packet with sequence number 487 and timestamp 486.203
test,1551436417100370944,52739,Received packet with sequence number 488 and timestamp 487.203
test,1551436418100295168,52739,Received packet with sequence number 489 and timestamp 488.203
test,1551436419100227072,52739,Received packet with sequence number 490 and timestamp 489.203
test,1551436420100028928,52739,Received packet with sequence number 491 and timestamp 490.203
test,1551436421099958784,52739,Received packet with sequence number 492 and timestamp 491.203
test,1551436422099873024,52739,Received packet with sequence number 493 and timestamp 492.203
test,1551436423099670016,52739,Received packet with sequence number 494 and timestamp 493.203
test,1551436424099579136,52739,Received packet with sequence number 495 and timestamp 494.203
test,1551436425099499008,52739,Received packet with sequence number 496 and timestamp 495.203
test,1551436426103339008,52739,Received packet with sequence number 497 and timestamp 496.203
test,1551436427099264000,52739,Received packet with sequence number 498 and timestamp 497.203
test,1551436428099132928,52739,Received packet with sequence number 499 and timestamp 498.203
test,1551436429099047936,52739,Received packet with sequence number 500 and timestamp 499.203
test,1551436437094333952,52739,Received packet with sequence number 508 and timestamp 507.203
test,1551436438094245888,52739,Received packet with sequence number 509 and timestamp 508.203
test,1551436439097970944,52739,Received packet with sequence number 510 and timestamp 509.203
test,1551436440097964032,52739,Received packet with sequence number 511 and timestamp 510.203
test,1551436441097750016,52739,Received packet with sequence number 512 and timestamp 511.203
test,1551436442097667840,52739,Received packet with sequence number 513 and timestamp 512.203
test,1551436443097529856,52739,Received packet with sequence number 514 and timestamp 513.203
test,1551436444097507072,52739,Received packet with sequence number 515 and timestamp 514.203
test,1551436445097421824,52739,Received packet with sequence number 516 and timestamp 515.203
test,1551436446097288960,52739,Received packet with sequence number 517 and timestamp 516.203
test,1551436447097195008,52739,Received packet with sequence number 518 and timestamp 517.203
test,1551436448096993024,52739,Received packet with sequence number 519 and timestamp 518.203
test,1551436449096948992,52739,Received packet with sequence number 520 and timestamp 519.203
test,1551436450096834816,52739,Received packet with sequence number 521 and timestamp 520.203
test,1551436451096738048,52739,Received packet with sequence number 522 and timestamp 521.203
test,1551436452096544000,52739,Received packet with sequence number 523 and timestamp 522.203
test,1551436453096466944,52739,Received packet with sequence number 524 and timestamp 523.203
test,1551436454096382976,52739,Received packet with sequence number 525 and timestamp 524.203
test,1551436455096178944,52739,Received packet with sequence number 526 and timestamp 525.203
test,1551436456096112896,52739,Received packet with sequence number 527 and timestamp 526.203
test,1551436457099930112,52739,Received packet with sequence number 528 and timestamp 527.203
test,1551436458099869952,52739,Received packet with sequence number 529 and timestamp 528.203
test,1551436459099785984,52739,Received packet with sequence number 530 and timestamp 529.203
test,1551436460099577856,52739,Received packet with sequence number 531 and timestamp 530.203
test,1551436461099495936,52739,Received packet with sequence number 532 and timestamp 531.203
test,1551436462103302912,52739,Received packet with sequence number 533 and timestamp 532.203
test,1551436463099335936,52739,Received packet with sequence number 534 and timestamp 533.203
test,1551436464099255040,52739,Received packet with sequence number 535 and timestamp 534.203
test,1551436465099176960,52739,Received packet with sequence number 536 and timestamp 535.203
test,1551436466102977024,52739,Received packet with sequence number 537 and timestamp 536.203
test,1551436467102885888,52739,Received packet with sequence number 538 and timestamp 537.203
test,1551436468098822144,52739,Received packet with sequence number 539 and timestamp 538.203
test,1551436469098740224,52739,Received packet with sequence number 540 and timestamp 539.203
test,1551436470098479872,52739,Received packet with sequence number 541 and timestamp 540.203
test,1551436471098388992,52739,Received packet with sequence number 542 and timestamp 541.203
test,1551436472098368000,52739,Received packet with sequence number 543 and timestamp 542.203
test,1551436478127429888,52739,Received packet with sequence number 549 and timestamp 548.203
test,1551436480093597952,52739,Received packet with sequence number 551 and timestamp 550.203
test,1551436481093517056,52739,Received packet with sequence number 552 and timestamp 551.203
test,1551436482097303040,52739,Received packet with sequence number 553 and timestamp 552.203
test,1551436483097160192,52739,Received packet with sequence number 554 and timestamp 553.203
test,1551436484097142016,52739,Received packet with sequence number 555 and timestamp 554.203
test,1551436485096878080,52739,Received packet with sequence number 556 and timestamp 555.203
test,1551436486096851968,52739,Received packet with sequence number 557 and timestamp 556.203
test,1551436487098636032,52739,Received packet with sequence number 558 and timestamp 557.203
test,1551436488096498944,52739,Received packet with sequence number 559 and timestamp 558.203
test,1551436490096338944,52739,Received packet with sequence number 561 and timestamp 560.203
test,1551436491096264960,52739,Received packet with sequence number 562 and timestamp 561.203
test,1551436492096056832,52739,Received packet with sequence number 563 and timestamp 562.203
test,1551436493096112896,52739,Received packet with sequence number 564 and timestamp 563.203
test,1551436494095951104,52739,Received packet with sequence number 565 and timestamp 564.203
test,1551436495095828992,52739,Received packet with sequence number 566 and timestamp 565.203
test,1551436496095735040,52739,Received packet with sequence number 567 and timestamp 566.203
